{
  "Static-Inverse": {
    "asr_mean": 100.0,
    "asr_std": 0.0,
    "confidence_drop_mean": 0.9940422363579273,
    "confidence_drop_std": 0.0062711476794985845,
    "lpips_mean": 0.0020845550997473767,
    "lpips_std": 0.0015421279489388953,
    "ssim_mean": 0.9561892611384392,
    "ssim_std": 0.028318056406321443,
    "psnr_mean": 32.851539588928226,
    "psnr_std": 0.32208678774027794,
    "l2_mean": 1.2630850491523742,
    "l2_std": 0.046933552029519765,
    "l0_mean": 0.999232421875,
    "l0_std": 0.0044351641457510745,
    "linf_mean": 0.03137257684767246,
    "linf_std": 1.559362199277005e-09
  },
  "Dynamic-Direct": {
    "asr_mean": 99.90234375,
    "asr_std": 0.5437269885576194,
    "confidence_drop_mean": 0.9927551839500666,
    "confidence_drop_std": 0.008631713525627109,
    "lpips_mean": 0.0014658267112390604,
    "lpips_std": 0.001097619065693843,
    "ssim_mean": 0.9617427378296852,
    "ssim_std": 0.025853029058963667,
    "psnr_mean": 33.61638848495483,
    "psnr_std": 0.30843035934465146,
    "l2_mean": 1.1565504702329636,
    "l2_std": 0.04099168149042561,
    "l0_mean": 0.999591796875,
    "l0_std": 0.002379543576111863,
    "linf_mean": 0.03137257666885853,
    "linf_std": 2.4320868057283455e-09
  },
  "PGD-20": {
    "asr_mean": 100.0,
    "asr_std": 0.0,
    "confidence_drop_mean": 0.9938579238951206,
    "confidence_drop_std": 0.004295388840529112,
    "lpips_mean": 0.0023858651143382303,
    "lpips_std": 0.0018575608895487904,
    "ssim_mean": 0.9539906877279282,
    "ssim_std": 0.029762898231649366,
    "psnr_mean": 32.60914536476135,
    "psnr_std": 0.29695963423489136,
    "l2_mean": 1.2986962051391602,
    "l2_std": 0.044515360000636425,
    "l0_mean": 0.99900390625,
    "l0_std": 0.005125939259872129,
    "linf_mean": 0.03137257686257362,
    "linf_std": 1.4874314920267798e-09
  },
  "AIDE-Base": {
    "asr_mean": 100.0,
    "asr_std": 0.0,
    "confidence_drop_mean": 0.9940422363579273,
    "confidence_drop_std": 0.0062711476794985845,
    "lpips_mean": 0.002106704513542354,
    "lpips_std": 0.0016892098895731752,
    "ssim_mean": 0.9567273174524307,
    "ssim_std": 0.02789635116926585,
    "psnr_mean": 32.90088754653931,
    "psnr_std": 0.3342866041292386,
    "l2_mean": 1.2559968705177307,
    "l2_std": 0.04850521870425401,
    "l0_mean": 0.999484375,
    "l0_std": 0.0029754268051578017,
    "linf_mean": 0.03137257678806782,
    "linf_std": 1.935947025754993e-09
  },
  "AIDE-MultiScale": {
    "asr_mean": 100.0,
    "asr_std": 0.0,
    "confidence_drop_mean": 0.9940422363579273,
    "confidence_drop_std": 0.0062711476794985845,
    "lpips_mean": 0.0021126004452817143,
    "lpips_std": 0.0016115139488823995,
    "ssim_mean": 0.956677242219448,
    "ssim_std": 0.028007670591945692,
    "psnr_mean": 32.89796789550781,
    "psnr_std": 0.338011861010258,
    "l2_mean": 1.2564401018619538,
    "l2_std": 0.049070453026584554,
    "l0_mean": 0.999466796875,
    "l0_std": 0.003086908347086215,
    "linf_mean": 0.03137257681041956,
    "linf_std": 1.8942505917742975e-09
  },
  "AIDE-Momentum": {
    "asr_mean": 100.0,
    "asr_std": 0.0,
    "confidence_drop_mean": 0.9940422344952822,
    "confidence_drop_std": 0.006271145923715987,
    "lpips_mean": 0.0036353157685080077,
    "lpips_std": 0.00304766387594879,
    "ssim_mean": 0.9369055646657943,
    "ssim_std": 0.039885523705236896,
    "psnr_mean": 31.190426055908205,
    "psnr_std": 0.21975758652830665,
    "l2_mean": 1.5287155196666717,
    "l2_std": 0.03800089206910901,
    "l0_mean": 0.9983466796875,
    "l0_std": 0.009125335216896954,
    "linf_mean": 0.03137257689237594,
    "linf_std": 1.3314669074826647e-09
  },
  "AIDE-Soft": {
    "asr_mean": 99.90234375,
    "asr_std": 0.5437269885576194,
    "confidence_drop_mean": 0.9933123998343945,
    "confidence_drop_std": 0.00785194002121771,
    "lpips_mean": 0.0019641920510621276,
    "lpips_std": 0.0014992446441362865,
    "ssim_mean": 0.9559380375146865,
    "ssim_std": 0.02911741281051629,
    "psnr_mean": 32.93977543067932,
    "psnr_std": 0.2660237508595422,
    "l2_mean": 1.2500436309576035,
    "l2_std": 0.038191130727378376,
    "l0_mean": 0.999173828125,
    "l0_std": 0.004490518966622856,
    "linf_mean": 0.03137257680296898,
    "linf_std": 1.7568209949957722e-09
  },
  "AIDE-Adaptive": {
    "asr_mean": 100.0,
    "asr_std": 0.0,
    "confidence_drop_mean": 0.9940422363579273,
    "confidence_drop_std": 0.0062711476794985845,
    "lpips_mean": 0.0021428595362522175,
    "lpips_std": 0.0017161670921646574,
    "ssim_mean": 0.9567098758220672,
    "ssim_std": 0.027740644762243895,
    "psnr_mean": 32.89835774230957,
    "psnr_std": 0.3414483075039997,
    "l2_mean": 1.256402671456337,
    "l2_std": 0.0495265634749039,
    "l0_mean": 0.9994384765625,
    "l0_std": 0.0030937732734190103,
    "linf_mean": 0.03137257678806782,
    "linf_std": 1.935947025754993e-09
  }
}