{
  "gradcam": {
    "asr_mean": 100.0,
    "asr_std": 0.0,
    "confidence_drop_mean": 0.994270633906126,
    "confidence_drop_std": 0.0048674483665316565,
    "lpips_mean": 0.0020434068686445246,
    "lpips_std": 0.0016731818339128426,
    "ssim_mean": 0.9580860785245895,
    "ssim_std": 0.02752646633945238,
    "psnr_mean": 32.91017993927002,
    "psnr_std": 0.3268460615400108,
    "l2_mean": 1.2546132049560548,
    "l2_std": 0.04739475944121045,
    "l0_mean": 0.999279296875,
    "l0_std": 0.0038814343591417554,
    "linf_mean": 0.031372576624155046,
    "linf_std": 2.886212985621032e-09
  },
  "gradcam++": {
    "asr_mean": 100.0,
    "asr_std": 0.0,
    "confidence_drop_mean": 0.994270633906126,
    "confidence_drop_std": 0.0048674483665316565,
    "lpips_mean": 0.0019477980405208655,
    "lpips_std": 0.001442611148108995,
    "ssim_mean": 0.9589801040887833,
    "ssim_std": 0.02746286796012286,
    "psnr_mean": 32.99315683746338,
    "psnr_std": 0.32075006478546986,
    "l2_mean": 1.242651713848114,
    "l2_std": 0.04601981020836761,
    "l0_mean": 0.99940234375,
    "l0_std": 0.003213685430755718,
    "linf_mean": 0.03137257680296898,
    "linf_std": 1.9936394930272777e-09
  },
  "layercam": {
    "asr_mean": 100.0,
    "asr_std": 0.0,
    "confidence_drop_mean": 0.994270633906126,
    "confidence_drop_std": 0.0048674483665316565,
    "lpips_mean": 0.001998691957211122,
    "lpips_std": 0.0017381567407488275,
    "ssim_mean": 0.958302749633789,
    "ssim_std": 0.028274781988702487,
    "psnr_mean": 32.87038511657715,
    "psnr_std": 0.31602112770374113,
    "l2_mean": 1.2603157677650452,
    "l2_std": 0.04599481837434743,
    "l0_mean": 0.999390625,
    "l0_std": 0.003587405234756645,
    "linf_mean": 0.03137257680296898,
    "linf_std": 1.9936394930272777e-09
  }
}