{
  "PGD-20": [
    0.04834581012671281,
    4.440591744014195,
    11.60751383645194,
    17.863773073468888,
    22.105682100568497,
    24.97697503226144,
    26.876376015799387,
    28.418794631958008,
    29.59290531703404,
    30.75459807259696,
    31.631371906825475,
    32.57045037405832,
    33.21333449227469,
    34.010505131312776,
    34.511549268450054,
    35.13457761492048,
    35.511980874197825,
    36.06319808959961,
    36.480513436453684,
    36.69161714826311
  ],
  "AIDE-Base": [
    0.08241326298697718,
    2.976693255560739,
    9.214188711983818,
    15.088702610560826,
    19.375964845929825,
    22.501843316214426,
    24.945574079241073,
    26.814193998064315,
    28.240473338535853,
    29.638367789132253,
    30.896892275129044,
    31.77176284790039,
    32.588413783482146,
    33.456171308244976,
    34.041532788957866,
    34.7440550667899,
    35.30771745954241,
    35.98708234514509,
    36.33659798758371,
    36.94646998814174
  ],
  "AIDE-Momentum": [
    0.07096319151709654,
    3.0774806227002824,
    8.397489615849086,
    13.011730330330986,
    16.947477068219865,
    20.100754056658065,
    22.690486090523855,
    24.85915184020996,
    26.72635051182338,
    28.363023485456193,
    29.80898639133998,
    31.124014718191965,
    32.29185540335519,
    33.33881269182478,
    34.316650935581755,
    35.21669224330357,
    36.044542040143696,
    36.821083068847656,
    37.560676029750276,
    38.250847407749724
  ],
  "AIDE-Adaptive": [
    0.06126543483696878,
    3.097342848777771,
    9.30665145601545,
    15.056070327758789,
    19.44829341343471,
    22.514055797031947,
    24.820996965680802,
    26.728786740984237,
    28.277266093662806,
    29.48712703159877,
    30.595310756138392,
    31.63514654976981,
    32.47021647862026,
    33.348722730364116,
    34.03388486589704,
    34.69448035103934,
    35.19706290108817,
    35.78358350481306,
    36.2532844543457,
    36.67944771902902
  ]
}