{
  "PGD-20": {
    "asr": [
      94.3164061754942,
      99.90234375,
      100.0,
      100.0
    ],
    "lpips": [
      0.00016948962999776995,
      0.0006059336642720154,
      0.001976346817260492,
      0.006746833494515158
    ],
    "epsilons": [
      2,
      4,
      8,
      16
    ]
  },
  "MI-FGSM-20": {
    "asr": [
      91.796875,
      99.90234375,
      100.0,
      100.0
    ],
    "lpips": [
      0.00019149048002691416,
      0.0008464302019274328,
      0.0035692977893922945,
      0.015080386349232868
    ],
    "epsilons": [
      2,
      4,
      8,
      16
    ]
  },
  "AIDE-Base": {
    "asr": [
      92.87109375,
      99.90234375,
      100.0,
      100.0
    ],
    "lpips": [
      0.0001604036580902175,
      0.0005592601516473223,
      0.0016585368564701638,
      0.005899851430964191
    ],
    "epsilons": [
      2,
      4,
      8,
      16
    ]
  },
  "AIDE-Momentum": {
    "asr": [
      87.890625,
      99.609375,
      100.0,
      100.0
    ],
    "lpips": [
      0.0001801307624500623,
      0.0007658058817178243,
      0.002894506295560859,
      0.012089159371098503
    ],
    "epsilons": [
      2,
      4,
      8,
      16
    ]
  },
  "AIDE-Soft": {
    "asr": [
      75.9765625,
      97.8515625,
      100.0,
      100.0
    ],
    "lpips": [
      0.00012523695753225184,
      0.0004792919231804262,
      0.0017036758772155736,
      0.0065455243861651975
    ],
    "epsilons": [
      2,
      4,
      8,
      16
    ]
  }
}